"Indicator","indicator_title","variable1","variable2","variable3","variable4","variable_group_1","variable_group_2","variable_group_3","variable_group_4"
"1.2.1","1.2.1 Proportion of population living below the national poverty line, by sex and age","age","sex","","","age","sex/gender","",""
"1.2.1","1.2.1 Proportion of population living below the national poverty line, by sex and age","sex","age","","","sex/gender","age","",""
"1.2.2","1.2.2 Proportion of men, women and children of all ages living in poverty in all its dimensions according to national definitions","age","sex","","","age","sex/gender","",""
"1.2.2","1.2.2 Proportion of men, women and children of all ages living in poverty in all its dimensions according to national definitions","sex","age","","","sex/gender","age","",""
"1.5.1","1.5.1 Number of deaths, missing persons and directly affected persons attributed to disasters per 100,000 population","country","sex","","","geography - high level","sex/gender","",""
"1.5.1","1.5.1 Number of deaths, missing persons and directly affected persons attributed to disasters per 100,000 population","sex","country","","","sex/gender","geography - high level","",""
"10.2.1","10.2.1 Proportion of people living below 50áperácent of median income, by sex, age and persons with disabilities","age","sex","","","age","sex/gender","",""
"10.2.1","10.2.1 Proportion of people living below 50áperácent of median income, by sex, age and persons with disabilities","sex","age","","","sex/gender","age","",""
"11.3.1","11.3.1 Ratio of land consumption rate to population growth rate","country","local authority","region","","geography - high level","geography - low level","geography - mid-level",""
"11.3.1","11.3.1 Ratio of land consumption rate to population growth rate","country","local authority","","","geography - high level","geography - low level","",""
"11.3.1","11.3.1 Ratio of land consumption rate to population growth rate","country","region","","","geography - high level","geography - mid-level","",""
"11.3.1","11.3.1 Ratio of land consumption rate to population growth rate","country","region","local authority","","geography - high level","geography - mid-level","geography - low level",""
"11.3.1","11.3.1 Ratio of land consumption rate to population growth rate","country","scottish council area","","","geography - high level","geography - low level","",""
"11.3.1","11.3.1 Ratio of land consumption rate to population growth rate","country","welsh unitary authority","","","geography - high level","geography - low level","",""
"11.3.1","11.3.1 Ratio of land consumption rate to population growth rate","local authority","country","region","","geography - low level","geography - high level","geography - mid-level",""
"11.3.1","11.3.1 Ratio of land consumption rate to population growth rate","local authority","country","","","geography - low level","geography - high level","",""
"11.3.1","11.3.1 Ratio of land consumption rate to population growth rate","local authority","region","country","","geography - low level","geography - mid-level","geography - high level",""
"11.3.1","11.3.1 Ratio of land consumption rate to population growth rate","local authority","region","","","geography - low level","geography - mid-level","",""
"11.3.1","11.3.1 Ratio of land consumption rate to population growth rate","region","country","","","geography - mid-level","geography - high level","",""
"11.3.1","11.3.1 Ratio of land consumption rate to population growth rate","region","country","local authority","","geography - mid-level","geography - high level","geography - low level",""
"11.3.1","11.3.1 Ratio of land consumption rate to population growth rate","region","local authority","country","","geography - mid-level","geography - low level","geography - high level",""
"11.3.1","11.3.1 Ratio of land consumption rate to population growth rate","region","local authority","","","geography - mid-level","geography - low level","",""
"11.3.1","11.3.1 Ratio of land consumption rate to population growth rate","scottish council area","country","","","geography - low level","geography - high level","",""
"11.3.1","11.3.1 Ratio of land consumption rate to population growth rate","welsh unitary authority","country","","","geography - low level","geography - high level","",""
"11.5.1","11.5.1 Number of deaths, missing persons and directly affected persons attributed to disasters per 100,000 population","country","sex","","","geography - high level","sex/gender","",""
"11.5.1","11.5.1 Number of deaths, missing persons and directly affected persons attributed to disasters per 100,000 population","sex","country","","","sex/gender","geography - high level","",""
"11.6.1","11.6.1 Proportion of municipal solid waste collected and managed in controlled facilities out of total municipal waste generated, by cities","region","waste collection authority","","","geography - mid-level","geography - low level","",""
"11.6.1","11.6.1 Proportion of municipal solid waste collected and managed in controlled facilities out of total municipal waste generated, by cities","waste collection authority","region","","","geography - low level","geography - mid-level","",""
"11.7.2","11.7.2 Proportion of persons victim of physical or sexual harassment, by sex, age, disability status and place of occurrence, in the previous 12 months","age","sex","","","age","sex/gender","",""
"11.7.2","11.7.2 Proportion of persons victim of physical or sexual harassment, by sex, age, disability status and place of occurrence, in the previous 12 months","country of birth","sex","","","migration status etc","sex/gender","",""
"11.7.2","11.7.2 Proportion of persons victim of physical or sexual harassment, by sex, age, disability status and place of occurrence, in the previous 12 months","disability status","sex","","","disability status etc","sex/gender","",""
"11.7.2","11.7.2 Proportion of persons victim of physical or sexual harassment, by sex, age, disability status and place of occurrence, in the previous 12 months","ethnicity","sex","","","ethnicity","sex/gender","",""
"11.7.2","11.7.2 Proportion of persons victim of physical or sexual harassment, by sex, age, disability status and place of occurrence, in the previous 12 months","income","sex","","","wealth","sex/gender","",""
"11.7.2","11.7.2 Proportion of persons victim of physical or sexual harassment, by sex, age, disability status and place of occurrence, in the previous 12 months","region","sex","","","geography - mid-level","sex/gender","",""
"11.7.2","11.7.2 Proportion of persons victim of physical or sexual harassment, by sex, age, disability status and place of occurrence, in the previous 12 months","sex","age","","","sex/gender","age","",""
"11.7.2","11.7.2 Proportion of persons victim of physical or sexual harassment, by sex, age, disability status and place of occurrence, in the previous 12 months","sex","country of birth","","","sex/gender","migration status etc","",""
"11.7.2","11.7.2 Proportion of persons victim of physical or sexual harassment, by sex, age, disability status and place of occurrence, in the previous 12 months","sex","disability status","","","sex/gender","disability status etc","",""
"11.7.2","11.7.2 Proportion of persons victim of physical or sexual harassment, by sex, age, disability status and place of occurrence, in the previous 12 months","sex","ethnicity","","","sex/gender","ethnicity","",""
"11.7.2","11.7.2 Proportion of persons victim of physical or sexual harassment, by sex, age, disability status and place of occurrence, in the previous 12 months","sex","income","","","sex/gender","wealth","",""
"11.7.2","11.7.2 Proportion of persons victim of physical or sexual harassment, by sex, age, disability status and place of occurrence, in the previous 12 months","sex","region","","","sex/gender","geography - mid-level","",""
"13.1.1","13.1.1 Number of deaths, missing persons and directly affected persons attributed to disasters per 100,000 population","country","sex","","","geography - high level","sex/gender","",""
"13.1.1","13.1.1 Number of deaths, missing persons and directly affected persons attributed to disasters per 100,000 population","sex","country","","","sex/gender","geography - high level","",""
"16.1.1","16.1.1 Number of victims of intentional homicide per 100,000 population, by sex and age","age","sex","","","age","sex/gender","",""
"16.1.1","16.1.1 Number of victims of intentional homicide per 100,000 population, by sex and age","country","police force area","","","geography - high level","geography - low level","",""
"16.1.1","16.1.1 Number of victims of intentional homicide per 100,000 population, by sex and age","country","police force area","region","","geography - high level","geography - low level","geography - mid-level",""
"16.1.1","16.1.1 Number of victims of intentional homicide per 100,000 population, by sex and age","country","region","","","geography - high level","geography - mid-level","",""
"16.1.1","16.1.1 Number of victims of intentional homicide per 100,000 population, by sex and age","country","region","police force area","","geography - high level","geography - mid-level","geography - low level",""
"16.1.1","16.1.1 Number of victims of intentional homicide per 100,000 population, by sex and age","police force area","country","","","geography - low level","geography - high level","",""
"16.1.1","16.1.1 Number of victims of intentional homicide per 100,000 population, by sex and age","police force area","country","region","","geography - low level","geography - high level","geography - mid-level",""
"16.1.1","16.1.1 Number of victims of intentional homicide per 100,000 population, by sex and age","police force area","region","","","geography - low level","geography - mid-level","",""
"16.1.1","16.1.1 Number of victims of intentional homicide per 100,000 population, by sex and age","police force area","region","country","","geography - low level","geography - mid-level","geography - high level",""
"16.1.1","16.1.1 Number of victims of intentional homicide per 100,000 population, by sex and age","region","country","","","geography - mid-level","geography - high level","",""
"16.1.1","16.1.1 Number of victims of intentional homicide per 100,000 population, by sex and age","region","country","police force area","","geography - mid-level","geography - high level","geography - low level",""
"16.1.1","16.1.1 Number of victims of intentional homicide per 100,000 population, by sex and age","region","police force area","","","geography - mid-level","geography - low level","",""
"16.1.1","16.1.1 Number of victims of intentional homicide per 100,000 population, by sex and age","region","police force area","country","","geography - mid-level","geography - low level","geography - high level",""
"16.1.1","16.1.1 Number of victims of intentional homicide per 100,000 population, by sex and age","sex","age","","","sex/gender","age","",""
"16.1.3","16.1.3 Proportion of population subjected to (a) physical violence, (b) psychological violence and (c) sexual violence in the previous 12ámonths","age","sex","","","age","sex/gender","",""
"16.1.3","16.1.3 Proportion of population subjected to (a) physical violence, (b) psychological violence and (c) sexual violence in the previous 12ámonths","country of birth","sex","","","migration status etc","sex/gender","",""
"16.1.3","16.1.3 Proportion of population subjected to (a) physical violence, (b) psychological violence and (c) sexual violence in the previous 12ámonths","disability status","sex","","","disability status etc","sex/gender","",""
"16.1.3","16.1.3 Proportion of population subjected to (a) physical violence, (b) psychological violence and (c) sexual violence in the previous 12ámonths","ethnic group","ethnicity","","","ethnic group","ethnicity","",""
"16.1.3","16.1.3 Proportion of population subjected to (a) physical violence, (b) psychological violence and (c) sexual violence in the previous 12ámonths","ethnicity","ethnic group","","","ethnicity","ethnic group","",""
"16.1.3","16.1.3 Proportion of population subjected to (a) physical violence, (b) psychological violence and (c) sexual violence in the previous 12ámonths","ethnicity","sex","","","ethnicity","sex/gender","",""
"16.1.3","16.1.3 Proportion of population subjected to (a) physical violence, (b) psychological violence and (c) sexual violence in the previous 12ámonths","highest qualification","sex","","","education level","sex/gender","",""
"16.1.3","16.1.3 Proportion of population subjected to (a) physical violence, (b) psychological violence and (c) sexual violence in the previous 12ámonths","household income","sex","","","wealth","sex/gender","",""
"16.1.3","16.1.3 Proportion of population subjected to (a) physical violence, (b) psychological violence and (c) sexual violence in the previous 12ámonths","region","sex","","","geography - mid-level","sex/gender","",""
"16.1.3","16.1.3 Proportion of population subjected to (a) physical violence, (b) psychological violence and (c) sexual violence in the previous 12ámonths","sex","age","","","sex/gender","age","",""
"16.1.3","16.1.3 Proportion of population subjected to (a) physical violence, (b) psychological violence and (c) sexual violence in the previous 12ámonths","sex","country of birth","","","sex/gender","migration status etc","",""
"16.1.3","16.1.3 Proportion of population subjected to (a) physical violence, (b) psychological violence and (c) sexual violence in the previous 12ámonths","sex","disability status","","","sex/gender","disability status etc","",""
"16.1.3","16.1.3 Proportion of population subjected to (a) physical violence, (b) psychological violence and (c) sexual violence in the previous 12ámonths","sex","ethnicity","","","sex/gender","ethnicity","",""
"16.1.3","16.1.3 Proportion of population subjected to (a) physical violence, (b) psychological violence and (c) sexual violence in the previous 12ámonths","sex","highest qualification","","","sex/gender","education level","",""
"16.1.3","16.1.3 Proportion of population subjected to (a) physical violence, (b) psychological violence and (c) sexual violence in the previous 12ámonths","sex","household income","","","sex/gender","wealth","",""
"16.1.3","16.1.3 Proportion of population subjected to (a) physical violence, (b) psychological violence and (c) sexual violence in the previous 12ámonths","sex","region","","","sex/gender","geography - mid-level","",""
"16.1.4","16.1.4 Proportion of population that feel safe walking alone around the area they live","age","sex","","","age","sex/gender","",""
"16.1.4","16.1.4 Proportion of population that feel safe walking alone around the area they live","ethnic group","ethnicity","","","ethnic group","ethnicity","",""
"16.1.4","16.1.4 Proportion of population that feel safe walking alone around the area they live","ethnicity","ethnic group","","","ethnicity","ethnic group","",""
"16.1.4","16.1.4 Proportion of population that feel safe walking alone around the area they live","sex","age","","","sex/gender","age","",""
"16.3.2","16.3.2 Unsentenced detainees as a proportion of overall prison population","age","sex","","","age","sex/gender","",""
"16.3.2","16.3.2 Unsentenced detainees as a proportion of overall prison population","sex","age","","","sex/gender","age","",""
"16.7.1","16.7.1 Proportions of positions in national and local institutions, including (a) the legislatures; (b) the public service; and (c) the judiciary, compared to national distributions, by sex, age, persons with disabilities and population groups","age","sex","","","age","sex/gender","",""
"16.7.1","16.7.1 Proportions of positions in national and local institutions, including (a) the legislatures; (b) the public service; and (c) the judiciary, compared to national distributions, by sex, age, persons with disabilities and population groups","country","region","","","geography - high level","geography - mid-level","",""
"16.7.1","16.7.1 Proportions of positions in national and local institutions, including (a) the legislatures; (b) the public service; and (c) the judiciary, compared to national distributions, by sex, age, persons with disabilities and population groups","region","country","","","geography - mid-level","geography - high level","",""
"16.7.1","16.7.1 Proportions of positions in national and local institutions, including (a) the legislatures; (b) the public service; and (c) the judiciary, compared to national distributions, by sex, age, persons with disabilities and population groups","sex","age","","","sex/gender","age","",""
"17.8.1","17.8.1 Proportion of individuals using the Internet","age","disability status","","","age","disability status etc","",""
"17.8.1","17.8.1 Proportion of individuals using the Internet","disability status","age","","","disability status etc","age","",""
"17.8.1","17.8.1 Proportion of individuals using the Internet","ethnic group","ethnicity","","","ethnic group","ethnicity","",""
"17.8.1","17.8.1 Proportion of individuals using the Internet","ethnicity","ethnic group","","","ethnicity","ethnic group","",""
"17.8.1","17.8.1 Proportion of individuals using the Internet","local authority","region","","","geography - low level","geography - mid-level","",""
"17.8.1","17.8.1 Proportion of individuals using the Internet","region","local authority","","","geography - mid-level","geography - low level","",""
"2.1.1","2.1.1 Prevalence of undernourishment","age","sex","","","age","sex/gender","",""
"2.1.1","2.1.1 Prevalence of undernourishment","sex","age","","","sex/gender","age","",""
"2.1.2","2.1.2 Prevalence of moderate or severe food insecurity in the population, based on the Food Insecurity Experience Scale (FIES)","age","sex","","","age","sex/gender","",""
"2.1.2","2.1.2 Prevalence of moderate or severe food insecurity in the population, based on the Food Insecurity Experience Scale (FIES)","children under 16 in the household","sex","","","age","sex/gender","",""
"2.1.2","2.1.2 Prevalence of moderate or severe food insecurity in the population, based on the Food Insecurity Experience Scale (FIES)","children under 6 in the household","sex","","","age","sex/gender","",""
"2.1.2","2.1.2 Prevalence of moderate or severe food insecurity in the population, based on the Food Insecurity Experience Scale (FIES)","country","sex","","","geography - high level","sex/gender","",""
"2.1.2","2.1.2 Prevalence of moderate or severe food insecurity in the population, based on the Food Insecurity Experience Scale (FIES)","household income","sex","","","wealth","sex/gender","",""
"2.1.2","2.1.2 Prevalence of moderate or severe food insecurity in the population, based on the Food Insecurity Experience Scale (FIES)","sex","age","","","sex/gender","age","",""
"2.1.2","2.1.2 Prevalence of moderate or severe food insecurity in the population, based on the Food Insecurity Experience Scale (FIES)","sex","children under 16 in the household","","","sex/gender","age","",""
"2.1.2","2.1.2 Prevalence of moderate or severe food insecurity in the population, based on the Food Insecurity Experience Scale (FIES)","sex","children under 6 in the household","","","sex/gender","age","",""
"2.1.2","2.1.2 Prevalence of moderate or severe food insecurity in the population, based on the Food Insecurity Experience Scale (FIES)","sex","country","","","sex/gender","geography - high level","",""
"2.1.2","2.1.2 Prevalence of moderate or severe food insecurity in the population, based on the Food Insecurity Experience Scale (FIES)","sex","household income","","","sex/gender","wealth","",""
"2.2.2","2.2.2 Prevalence of malnutrition (weight for height >+2 or <-2 standard deviation from the median of the WHO Child Growth Standards) among children under 5áyears of age, by type (wasting and overweight)","country","ethnicity","","","geography - high level","ethnicity","",""
"2.2.2","2.2.2 Prevalence of malnutrition (weight for height >+2 or <-2 standard deviation from the median of the WHO Child Growth Standards) among children under 5áyears of age, by type (wasting and overweight)","country","sex","","","geography - high level","sex/gender","",""
"2.2.2","2.2.2 Prevalence of malnutrition (weight for height >+2 or <-2 standard deviation from the median of the WHO Child Growth Standards) among children under 5áyears of age, by type (wasting and overweight)","ethnicity","country","","","ethnicity","geography - high level","",""
"2.2.2","2.2.2 Prevalence of malnutrition (weight for height >+2 or <-2 standard deviation from the median of the WHO Child Growth Standards) among children under 5áyears of age, by type (wasting and overweight)","sex","country","","","sex/gender","geography - high level","",""
"2.4.1","2.4.1 Proportion of agricultural area under productive and sustainable agriculture","country","region","","","geography - high level","geography - mid-level","",""
"2.4.1","2.4.1 Proportion of agricultural area under productive and sustainable agriculture","region","country","","","geography - mid-level","geography - high level","",""
"3.1.2","3.1.2 Proportion of births attended by skilled health personnel","country","health board","","","geography - high level","geography - low level","",""
"3.1.2","3.1.2 Proportion of births attended by skilled health personnel","country","region","","","geography - high level","geography - mid-level","",""
"3.1.2","3.1.2 Proportion of births attended by skilled health personnel","health board","country","","","geography - low level","geography - high level","",""
"3.1.2","3.1.2 Proportion of births attended by skilled health personnel","region","country","","","geography - mid-level","geography - high level","",""
"3.2.1","3.2.1 Under?5 mortality rate","country","sex","","","geography - high level","sex/gender","",""
"3.2.1","3.2.1 Under?5 mortality rate","sex","country","","","sex/gender","geography - high level","",""
"3.2.2","3.2.2 Neonatal mortality rate","age","country","","","age","geography - high level","",""
"3.2.2","3.2.2 Neonatal mortality rate","country","age","","","geography - high level","age","",""
"3.2.2","3.2.2 Neonatal mortality rate","country","health board","","","geography - high level","geography - low level","",""
"3.2.2","3.2.2 Neonatal mortality rate","country","region","","","geography - high level","geography - mid-level","",""
"3.2.2","3.2.2 Neonatal mortality rate","country","sex","","","geography - high level","sex/gender","",""
"3.2.2","3.2.2 Neonatal mortality rate","health board","country","","","geography - low level","geography - high level","",""
"3.2.2","3.2.2 Neonatal mortality rate","region","country","","","geography - mid-level","geography - high level","",""
"3.2.2","3.2.2 Neonatal mortality rate","sex","country","","","sex/gender","geography - high level","",""
"3.3.1","3.3.1 Number of new HIV infections per 1,000 uninfected population, by sex, age and key populations","age","country","","","age","geography - high level","",""
"3.3.1","3.3.1 Number of new HIV infections per 1,000 uninfected population, by sex, age and key populations","age","country","sex","","age","geography - high level","sex/gender",""
"3.3.1","3.3.1 Number of new HIV infections per 1,000 uninfected population, by sex, age and key populations","age","sex","","","age","sex/gender","",""
"3.3.1","3.3.1 Number of new HIV infections per 1,000 uninfected population, by sex, age and key populations","age","sex","country","","age","sex/gender","geography - high level",""
"3.3.1","3.3.1 Number of new HIV infections per 1,000 uninfected population, by sex, age and key populations","country","age","","","geography - high level","age","",""
"3.3.1","3.3.1 Number of new HIV infections per 1,000 uninfected population, by sex, age and key populations","country","age","sex","","geography - high level","age","sex/gender",""
"3.3.1","3.3.1 Number of new HIV infections per 1,000 uninfected population, by sex, age and key populations","country","ethnicity","","","geography - high level","ethnicity","",""
"3.3.1","3.3.1 Number of new HIV infections per 1,000 uninfected population, by sex, age and key populations","country","ethnicity","sex","","geography - high level","ethnicity","sex/gender",""
"3.3.1","3.3.1 Number of new HIV infections per 1,000 uninfected population, by sex, age and key populations","country","sex","","","geography - high level","sex/gender","",""
"3.3.1","3.3.1 Number of new HIV infections per 1,000 uninfected population, by sex, age and key populations","country","sex","age","","geography - high level","sex/gender","age",""
"3.3.1","3.3.1 Number of new HIV infections per 1,000 uninfected population, by sex, age and key populations","country","sex","ethnicity","","geography - high level","sex/gender","ethnicity",""
"3.3.1","3.3.1 Number of new HIV infections per 1,000 uninfected population, by sex, age and key populations","ethnicity","country","","","ethnicity","geography - high level","",""
"3.3.1","3.3.1 Number of new HIV infections per 1,000 uninfected population, by sex, age and key populations","ethnicity","country","sex","","ethnicity","geography - high level","sex/gender",""
"3.3.1","3.3.1 Number of new HIV infections per 1,000 uninfected population, by sex, age and key populations","ethnicity","sex","","","ethnicity","sex/gender","",""
"3.3.1","3.3.1 Number of new HIV infections per 1,000 uninfected population, by sex, age and key populations","ethnicity","sex","country","","ethnicity","sex/gender","geography - high level",""
"3.3.1","3.3.1 Number of new HIV infections per 1,000 uninfected population, by sex, age and key populations","sex","age","","","sex/gender","age","",""
"3.3.1","3.3.1 Number of new HIV infections per 1,000 uninfected population, by sex, age and key populations","sex","age","country","","sex/gender","age","geography - high level",""
"3.3.1","3.3.1 Number of new HIV infections per 1,000 uninfected population, by sex, age and key populations","sex","country","","","sex/gender","geography - high level","",""
"3.3.1","3.3.1 Number of new HIV infections per 1,000 uninfected population, by sex, age and key populations","sex","country","age","","sex/gender","geography - high level","age",""
"3.3.1","3.3.1 Number of new HIV infections per 1,000 uninfected population, by sex, age and key populations","sex","country","ethnicity","","sex/gender","geography - high level","ethnicity",""
"3.3.1","3.3.1 Number of new HIV infections per 1,000 uninfected population, by sex, age and key populations","sex","ethnicity","","","sex/gender","ethnicity","",""
"3.3.1","3.3.1 Number of new HIV infections per 1,000 uninfected population, by sex, age and key populations","sex","ethnicity","country","","sex/gender","ethnicity","geography - high level",""
"3.3.2","3.3.2 Tuberculosis incidence per 100,000 population","country","country of birth","","","geography - high level","migration status etc","",""
"3.3.2","3.3.2 Tuberculosis incidence per 100,000 population","country","country of birth","ethnic group","","geography - high level","migration status etc","ethnic group",""
"3.3.2","3.3.2 Tuberculosis incidence per 100,000 population","country","ethnic group","country of birth","","geography - high level","ethnic group","migration status etc",""
"3.3.2","3.3.2 Tuberculosis incidence per 100,000 population","country","ethnic group","","","geography - high level","ethnic group","",""
"3.3.2","3.3.2 Tuberculosis incidence per 100,000 population","country of birth","country","","","migration status etc","geography - high level","",""
"3.3.2","3.3.2 Tuberculosis incidence per 100,000 population","country of birth","country","ethnic group","","migration status etc","geography - high level","ethnic group",""
"3.3.2","3.3.2 Tuberculosis incidence per 100,000 population","country of birth","ethnic group","country","","migration status etc","ethnic group","geography - high level",""
"3.3.2","3.3.2 Tuberculosis incidence per 100,000 population","country of birth","ethnic group","","","migration status etc","ethnic group","",""
"3.3.2","3.3.2 Tuberculosis incidence per 100,000 population","ethnic group","country","country of birth","","ethnic group","geography - high level","migration status etc",""
"3.3.2","3.3.2 Tuberculosis incidence per 100,000 population","ethnic group","country","","","ethnic group","geography - high level","",""
"3.3.2","3.3.2 Tuberculosis incidence per 100,000 population","ethnic group","country of birth","country","","ethnic group","migration status etc","geography - high level",""
"3.3.2","3.3.2 Tuberculosis incidence per 100,000 population","ethnic group","country of birth","","","ethnic group","migration status etc","",""
"3.3.3","3.3.3 Malaria incidence per 1,000 population","age","sex","","","age","sex/gender","",""
"3.3.3","3.3.3 Malaria incidence per 1,000 population","country","region","","","geography - high level","geography - mid-level","",""
"3.3.3","3.3.3 Malaria incidence per 1,000 population","region","country","","","geography - mid-level","geography - high level","",""
"3.3.3","3.3.3 Malaria incidence per 1,000 population","sex","age","","","sex/gender","age","",""
"3.3.4","3.3.4 Hepatitis B incidence per 100,000 population","age","region","","","age","geography - mid-level","",""
"3.3.4","3.3.4 Hepatitis B incidence per 100,000 population","age","region","sex","","age","geography - mid-level","sex/gender",""
"3.3.4","3.3.4 Hepatitis B incidence per 100,000 population","age","sex","","","age","sex/gender","",""
"3.3.4","3.3.4 Hepatitis B incidence per 100,000 population","age","sex","region","","age","sex/gender","geography - mid-level",""
"3.3.4","3.3.4 Hepatitis B incidence per 100,000 population","region","age","","","geography - mid-level","age","",""
"3.3.4","3.3.4 Hepatitis B incidence per 100,000 population","region","age","sex","","geography - mid-level","age","sex/gender",""
"3.3.4","3.3.4 Hepatitis B incidence per 100,000 population","region","sex","","","geography - mid-level","sex/gender","",""
"3.3.4","3.3.4 Hepatitis B incidence per 100,000 population","region","sex","age","","geography - mid-level","sex/gender","age",""
"3.3.4","3.3.4 Hepatitis B incidence per 100,000 population","sex","age","","","sex/gender","age","",""
"3.3.4","3.3.4 Hepatitis B incidence per 100,000 population","sex","age","region","","sex/gender","age","geography - mid-level",""
"3.3.4","3.3.4 Hepatitis B incidence per 100,000 population","sex","region","","","sex/gender","geography - mid-level","",""
"3.3.4","3.3.4 Hepatitis B incidence per 100,000 population","sex","region","age","","sex/gender","geography - mid-level","age",""
"3.4.1","3.4.1 Mortality rate attributed to cardiovascular disease, cancer, diabetes or chronic respiratory disease","age","country","","","age","geography - high level","",""
"3.4.1","3.4.1 Mortality rate attributed to cardiovascular disease, cancer, diabetes or chronic respiratory disease","age","country","region","","age","geography - high level","geography - mid-level",""
"3.4.1","3.4.1 Mortality rate attributed to cardiovascular disease, cancer, diabetes or chronic respiratory disease","age","country","region","sex","age","geography - high level","geography - mid-level","sex/gender"
"3.4.1","3.4.1 Mortality rate attributed to cardiovascular disease, cancer, diabetes or chronic respiratory disease","age","country","sex","","age","geography - high level","sex/gender",""
"3.4.1","3.4.1 Mortality rate attributed to cardiovascular disease, cancer, diabetes or chronic respiratory disease","age","country","sex","region","age","geography - high level","sex/gender","geography - mid-level"
"3.4.1","3.4.1 Mortality rate attributed to cardiovascular disease, cancer, diabetes or chronic respiratory disease","age","region","country","","age","geography - mid-level","geography - high level",""
"3.4.1","3.4.1 Mortality rate attributed to cardiovascular disease, cancer, diabetes or chronic respiratory disease","age","region","country","sex","age","geography - mid-level","geography - high level","sex/gender"
"3.4.1","3.4.1 Mortality rate attributed to cardiovascular disease, cancer, diabetes or chronic respiratory disease","age","region","sex","country","age","geography - mid-level","sex/gender","geography - high level"
"3.4.1","3.4.1 Mortality rate attributed to cardiovascular disease, cancer, diabetes or chronic respiratory disease","age","sex","country","","age","sex/gender","geography - high level",""
"3.4.1","3.4.1 Mortality rate attributed to cardiovascular disease, cancer, diabetes or chronic respiratory disease","age","sex","country","region","age","sex/gender","geography - high level","geography - mid-level"
"3.4.1","3.4.1 Mortality rate attributed to cardiovascular disease, cancer, diabetes or chronic respiratory disease","age","sex","region","country","age","sex/gender","geography - mid-level","geography - high level"
"3.4.1","3.4.1 Mortality rate attributed to cardiovascular disease, cancer, diabetes or chronic respiratory disease","country","age","","","geography - high level","age","",""
"3.4.1","3.4.1 Mortality rate attributed to cardiovascular disease, cancer, diabetes or chronic respiratory disease","country","age","region","","geography - high level","age","geography - mid-level",""
"3.4.1","3.4.1 Mortality rate attributed to cardiovascular disease, cancer, diabetes or chronic respiratory disease","country","age","region","sex","geography - high level","age","geography - mid-level","sex/gender"
"3.4.1","3.4.1 Mortality rate attributed to cardiovascular disease, cancer, diabetes or chronic respiratory disease","country","age","sex","","geography - high level","age","sex/gender",""
"3.4.1","3.4.1 Mortality rate attributed to cardiovascular disease, cancer, diabetes or chronic respiratory disease","country","age","sex","region","geography - high level","age","sex/gender","geography - mid-level"
"3.4.1","3.4.1 Mortality rate attributed to cardiovascular disease, cancer, diabetes or chronic respiratory disease","country","region","age","","geography - high level","geography - mid-level","age",""
"3.4.1","3.4.1 Mortality rate attributed to cardiovascular disease, cancer, diabetes or chronic respiratory disease","country","region","age","sex","geography - high level","geography - mid-level","age","sex/gender"
"3.4.1","3.4.1 Mortality rate attributed to cardiovascular disease, cancer, diabetes or chronic respiratory disease","country","region","sex","age","geography - high level","geography - mid-level","sex/gender","age"
"3.4.1","3.4.1 Mortality rate attributed to cardiovascular disease, cancer, diabetes or chronic respiratory disease","country","sex","age","","geography - high level","sex/gender","age",""
"3.4.1","3.4.1 Mortality rate attributed to cardiovascular disease, cancer, diabetes or chronic respiratory disease","country","sex","age","region","geography - high level","sex/gender","age","geography - mid-level"
"3.4.1","3.4.1 Mortality rate attributed to cardiovascular disease, cancer, diabetes or chronic respiratory disease","country","sex","region","age","geography - high level","sex/gender","geography - mid-level","age"
"3.4.1","3.4.1 Mortality rate attributed to cardiovascular disease, cancer, diabetes or chronic respiratory disease","region","age","country","","geography - mid-level","age","geography - high level",""
"3.4.1","3.4.1 Mortality rate attributed to cardiovascular disease, cancer, diabetes or chronic respiratory disease","region","age","country","sex","geography - mid-level","age","geography - high level","sex/gender"
"3.4.1","3.4.1 Mortality rate attributed to cardiovascular disease, cancer, diabetes or chronic respiratory disease","region","age","sex","country","geography - mid-level","age","sex/gender","geography - high level"
"3.4.1","3.4.1 Mortality rate attributed to cardiovascular disease, cancer, diabetes or chronic respiratory disease","region","country","age","","geography - mid-level","geography - high level","age",""
"3.4.1","3.4.1 Mortality rate attributed to cardiovascular disease, cancer, diabetes or chronic respiratory disease","region","country","age","sex","geography - mid-level","geography - high level","age","sex/gender"
"3.4.1","3.4.1 Mortality rate attributed to cardiovascular disease, cancer, diabetes or chronic respiratory disease","region","country","sex","age","geography - mid-level","geography - high level","sex/gender","age"
"3.4.1","3.4.1 Mortality rate attributed to cardiovascular disease, cancer, diabetes or chronic respiratory disease","region","sex","age","country","geography - mid-level","sex/gender","age","geography - high level"
"3.4.1","3.4.1 Mortality rate attributed to cardiovascular disease, cancer, diabetes or chronic respiratory disease","region","sex","country","age","geography - mid-level","sex/gender","geography - high level","age"
"3.4.1","3.4.1 Mortality rate attributed to cardiovascular disease, cancer, diabetes or chronic respiratory disease","sex","age","country","","sex/gender","age","geography - high level",""
"3.4.1","3.4.1 Mortality rate attributed to cardiovascular disease, cancer, diabetes or chronic respiratory disease","sex","age","country","region","sex/gender","age","geography - high level","geography - mid-level"
"3.4.1","3.4.1 Mortality rate attributed to cardiovascular disease, cancer, diabetes or chronic respiratory disease","sex","age","region","country","sex/gender","age","geography - mid-level","geography - high level"
"3.4.1","3.4.1 Mortality rate attributed to cardiovascular disease, cancer, diabetes or chronic respiratory disease","sex","country","age","","sex/gender","geography - high level","age",""
"3.4.1","3.4.1 Mortality rate attributed to cardiovascular disease, cancer, diabetes or chronic respiratory disease","sex","country","age","region","sex/gender","geography - high level","age","geography - mid-level"
"3.4.1","3.4.1 Mortality rate attributed to cardiovascular disease, cancer, diabetes or chronic respiratory disease","sex","country","region","age","sex/gender","geography - high level","geography - mid-level","age"
"3.4.1","3.4.1 Mortality rate attributed to cardiovascular disease, cancer, diabetes or chronic respiratory disease","sex","region","age","country","sex/gender","geography - mid-level","age","geography - high level"
"3.4.1","3.4.1 Mortality rate attributed to cardiovascular disease, cancer, diabetes or chronic respiratory disease","sex","region","country","age","sex/gender","geography - mid-level","geography - high level","age"
"3.4.2","3.4.2 Suicide mortality rate","age","country","","","age","geography - high level","",""
"3.4.2","3.4.2 Suicide mortality rate","age","country","sex","","age","geography - high level","sex/gender",""
"3.4.2","3.4.2 Suicide mortality rate","age","sex","","","age","sex/gender","",""
"3.4.2","3.4.2 Suicide mortality rate","age","sex","country","","age","sex/gender","geography - high level",""
"3.4.2","3.4.2 Suicide mortality rate","country","age","","","geography - high level","age","",""
"3.4.2","3.4.2 Suicide mortality rate","country","age","sex","","geography - high level","age","sex/gender",""
"3.4.2","3.4.2 Suicide mortality rate","country","region","","","geography - high level","geography - mid-level","",""
"3.4.2","3.4.2 Suicide mortality rate","country","region","sex","","geography - high level","geography - mid-level","sex/gender",""
"3.4.2","3.4.2 Suicide mortality rate","country","sex","","","geography - high level","sex/gender","",""
"3.4.2","3.4.2 Suicide mortality rate","country","sex","age","","geography - high level","sex/gender","age",""
"3.4.2","3.4.2 Suicide mortality rate","country","sex","region","","geography - high level","sex/gender","geography - mid-level",""
"3.4.2","3.4.2 Suicide mortality rate","region","country","","","geography - mid-level","geography - high level","",""
"3.4.2","3.4.2 Suicide mortality rate","region","country","sex","","geography - mid-level","geography - high level","sex/gender",""
"3.4.2","3.4.2 Suicide mortality rate","region","sex","","","geography - mid-level","sex/gender","",""
"3.4.2","3.4.2 Suicide mortality rate","region","sex","country","","geography - mid-level","sex/gender","geography - high level",""
"3.4.2","3.4.2 Suicide mortality rate","sex","age","","","sex/gender","age","",""
"3.4.2","3.4.2 Suicide mortality rate","sex","age","country","","sex/gender","age","geography - high level",""
"3.4.2","3.4.2 Suicide mortality rate","sex","country","","","sex/gender","geography - high level","",""
"3.4.2","3.4.2 Suicide mortality rate","sex","country","age","","sex/gender","geography - high level","age",""
"3.4.2","3.4.2 Suicide mortality rate","sex","country","region","","sex/gender","geography - high level","geography - mid-level",""
"3.4.2","3.4.2 Suicide mortality rate","sex","region","","","sex/gender","geography - mid-level","",""
"3.4.2","3.4.2 Suicide mortality rate","sex","region","country","","sex/gender","geography - mid-level","geography - high level",""
"3.6.1","3.6.1 Death rate due to road traffic injuries","age","country","","","age","geography - high level","",""
"3.6.1","3.6.1 Death rate due to road traffic injuries","age","country","sex","","age","geography - high level","sex/gender",""
"3.6.1","3.6.1 Death rate due to road traffic injuries","age","sex","country","","age","sex/gender","geography - high level",""
"3.6.1","3.6.1 Death rate due to road traffic injuries","age","sex","","","age","sex/gender","",""
"3.6.1","3.6.1 Death rate due to road traffic injuries","country","age","","","geography - high level","age","",""
"3.6.1","3.6.1 Death rate due to road traffic injuries","country","age","sex","","geography - high level","age","sex/gender",""
"3.6.1","3.6.1 Death rate due to road traffic injuries","country","region","","","geography - high level","geography - mid-level","",""
"3.6.1","3.6.1 Death rate due to road traffic injuries","country","sex","","","geography - high level","sex/gender","",""
"3.6.1","3.6.1 Death rate due to road traffic injuries","country","sex","age","","geography - high level","sex/gender","age",""
"3.6.1","3.6.1 Death rate due to road traffic injuries","region","country","","","geography - mid-level","geography - high level","",""
"3.6.1","3.6.1 Death rate due to road traffic injuries","sex","age","country","","sex/gender","age","geography - high level",""
"3.6.1","3.6.1 Death rate due to road traffic injuries","sex","age","","","sex/gender","age","",""
"3.6.1","3.6.1 Death rate due to road traffic injuries","sex","country","","","sex/gender","geography - high level","",""
"3.6.1","3.6.1 Death rate due to road traffic injuries","sex","country","age","","sex/gender","geography - high level","age",""
"3.7.1","3.7.1 Proportion of women of reproductive age (aged 15û49áyears) who have their need for family planning satisfied with modern methods","local authority","region","","","geography - low level","geography - mid-level","",""
"3.7.1","3.7.1 Proportion of women of reproductive age (aged 15û49áyears) who have their need for family planning satisfied with modern methods","region","local authority","","","geography - mid-level","geography - low level","",""
"3.7.2","3.7.2 Adolescent birth rate (aged 10û14 years; aged 15û19áyears) per 1,000 women in that age group","age","country","","","age","geography - high level","",""
"3.7.2","3.7.2 Adolescent birth rate (aged 10û14 years; aged 15û19áyears) per 1,000 women in that age group","country","age","","","geography - high level","age","",""
"3.9.1","3.9.1 Mortality rate attributed to household and ambient air pollution","county","region","","","geography - low level","geography - mid-level","",""
"3.9.1","3.9.1 Mortality rate attributed to household and ambient air pollution","local authority","region","","","geography - low level","geography - mid-level","",""
"3.9.1","3.9.1 Mortality rate attributed to household and ambient air pollution","region","county","","","geography - mid-level","geography - low level","",""
"3.9.1","3.9.1 Mortality rate attributed to household and ambient air pollution","region","local authority","","","geography - mid-level","geography - low level","",""
"3.9.2","3.9.2 Mortality rate attributed to unsafe water, unsafe sanitation and lack of hygiene (exposure to unsafe Water, Sanitation and Hygiene for All (WASH) services)","country","sex","","","geography - high level","sex/gender","",""
"3.9.2","3.9.2 Mortality rate attributed to unsafe water, unsafe sanitation and lack of hygiene (exposure to unsafe Water, Sanitation and Hygiene for All (WASH) services)","sex","country","","","sex/gender","geography - high level","",""
"3.9.3","3.9.3 Mortality rate attributed to unintentional poisoning","age","country","","","age","geography - high level","",""
"3.9.3","3.9.3 Mortality rate attributed to unintentional poisoning","age","country","sex","","age","geography - high level","sex/gender",""
"3.9.3","3.9.3 Mortality rate attributed to unintentional poisoning","age","sex","country","","age","sex/gender","geography - high level",""
"3.9.3","3.9.3 Mortality rate attributed to unintentional poisoning","age","sex","","","age","sex/gender","",""
"3.9.3","3.9.3 Mortality rate attributed to unintentional poisoning","country","age","","","geography - high level","age","",""
"3.9.3","3.9.3 Mortality rate attributed to unintentional poisoning","country","age","sex","","geography - high level","age","sex/gender",""
"3.9.3","3.9.3 Mortality rate attributed to unintentional poisoning","country","region","","","geography - high level","geography - mid-level","",""
"3.9.3","3.9.3 Mortality rate attributed to unintentional poisoning","country","region","sex","","geography - high level","geography - mid-level","sex/gender",""
"3.9.3","3.9.3 Mortality rate attributed to unintentional poisoning","country","sex","","","geography - high level","sex/gender","",""
"3.9.3","3.9.3 Mortality rate attributed to unintentional poisoning","country","sex","age","","geography - high level","sex/gender","age",""
"3.9.3","3.9.3 Mortality rate attributed to unintentional poisoning","country","sex","region","","geography - high level","sex/gender","geography - mid-level",""
"3.9.3","3.9.3 Mortality rate attributed to unintentional poisoning","region","country","","","geography - mid-level","geography - high level","",""
"3.9.3","3.9.3 Mortality rate attributed to unintentional poisoning","region","country","sex","","geography - mid-level","geography - high level","sex/gender",""
"3.9.3","3.9.3 Mortality rate attributed to unintentional poisoning","region","sex","","","geography - mid-level","sex/gender","",""
"3.9.3","3.9.3 Mortality rate attributed to unintentional poisoning","region","sex","country","","geography - mid-level","sex/gender","geography - high level",""
"3.9.3","3.9.3 Mortality rate attributed to unintentional poisoning","sex","age","country","","sex/gender","age","geography - high level",""
"3.9.3","3.9.3 Mortality rate attributed to unintentional poisoning","sex","age","","","sex/gender","age","",""
"3.9.3","3.9.3 Mortality rate attributed to unintentional poisoning","sex","country","","","sex/gender","geography - high level","",""
"3.9.3","3.9.3 Mortality rate attributed to unintentional poisoning","sex","country","age","","sex/gender","geography - high level","age",""
"3.9.3","3.9.3 Mortality rate attributed to unintentional poisoning","sex","country","region","","sex/gender","geography - high level","geography - mid-level",""
"3.9.3","3.9.3 Mortality rate attributed to unintentional poisoning","sex","region","","","sex/gender","geography - mid-level","",""
"3.9.3","3.9.3 Mortality rate attributed to unintentional poisoning","sex","region","country","","sex/gender","geography - mid-level","geography - high level",""
"3.a.1","3.a.1 Age-standardized prevalence of current tobacco use among persons aged 15áyears and older","age","country","","","age","geography - high level","",""
"3.a.1","3.a.1 Age-standardized prevalence of current tobacco use among persons aged 15áyears and older","age","country","region","","age","geography - high level","geography - mid-level",""
"3.a.1","3.a.1 Age-standardized prevalence of current tobacco use among persons aged 15áyears and older","age","country","region","sex","age","geography - high level","geography - mid-level","sex/gender"
"3.a.1","3.a.1 Age-standardized prevalence of current tobacco use among persons aged 15áyears and older","age","country","sex","","age","geography - high level","sex/gender",""
"3.a.1","3.a.1 Age-standardized prevalence of current tobacco use among persons aged 15áyears and older","age","country","sex","region","age","geography - high level","sex/gender","geography - mid-level"
"3.a.1","3.a.1 Age-standardized prevalence of current tobacco use among persons aged 15áyears and older","age","region","country","","age","geography - mid-level","geography - high level",""
"3.a.1","3.a.1 Age-standardized prevalence of current tobacco use among persons aged 15áyears and older","age","region","country","sex","age","geography - mid-level","geography - high level","sex/gender"
"3.a.1","3.a.1 Age-standardized prevalence of current tobacco use among persons aged 15áyears and older","age","region","","","age","geography - mid-level","",""
"3.a.1","3.a.1 Age-standardized prevalence of current tobacco use among persons aged 15áyears and older","age","region","sex","country","age","geography - mid-level","sex/gender","geography - high level"
"3.a.1","3.a.1 Age-standardized prevalence of current tobacco use among persons aged 15áyears and older","age","region","sex","","age","geography - mid-level","sex/gender",""
"3.a.1","3.a.1 Age-standardized prevalence of current tobacco use among persons aged 15áyears and older","age","sex","country","","age","sex/gender","geography - high level",""
"3.a.1","3.a.1 Age-standardized prevalence of current tobacco use among persons aged 15áyears and older","age","sex","","","age","sex/gender","",""
"3.a.1","3.a.1 Age-standardized prevalence of current tobacco use among persons aged 15áyears and older","age","sex","country","region","age","sex/gender","geography - high level","geography - mid-level"
"3.a.1","3.a.1 Age-standardized prevalence of current tobacco use among persons aged 15áyears and older","age","sex","region","country","age","sex/gender","geography - mid-level","geography - high level"
"3.a.1","3.a.1 Age-standardized prevalence of current tobacco use among persons aged 15áyears and older","age","sex","region","","age","sex/gender","geography - mid-level",""
"3.a.1","3.a.1 Age-standardized prevalence of current tobacco use among persons aged 15áyears and older","country","age","","","geography - high level","age","",""
"3.a.1","3.a.1 Age-standardized prevalence of current tobacco use among persons aged 15áyears and older","country","age","region","","geography - high level","age","geography - mid-level",""
"3.a.1","3.a.1 Age-standardized prevalence of current tobacco use among persons aged 15áyears and older","country","age","region","sex","geography - high level","age","geography - mid-level","sex/gender"
"3.a.1","3.a.1 Age-standardized prevalence of current tobacco use among persons aged 15áyears and older","country","age","sex","","geography - high level","age","sex/gender",""
"3.a.1","3.a.1 Age-standardized prevalence of current tobacco use among persons aged 15áyears and older","country","age","sex","region","geography - high level","age","sex/gender","geography - mid-level"
"3.a.1","3.a.1 Age-standardized prevalence of current tobacco use among persons aged 15áyears and older","country","country of birth","","","geography - high level","migration status etc","",""
"3.a.1","3.a.1 Age-standardized prevalence of current tobacco use among persons aged 15áyears and older","country","ethnicity","","","geography - high level","ethnicity","",""
"3.a.1","3.a.1 Age-standardized prevalence of current tobacco use among persons aged 15áyears and older","country","ethnicity","sex","","geography - high level","ethnicity","sex/gender",""
"3.a.1","3.a.1 Age-standardized prevalence of current tobacco use among persons aged 15áyears and older","country","region","age","","geography - high level","geography - mid-level","age",""
"3.a.1","3.a.1 Age-standardized prevalence of current tobacco use among persons aged 15áyears and older","country","region","","","geography - high level","geography - mid-level","",""
"3.a.1","3.a.1 Age-standardized prevalence of current tobacco use among persons aged 15áyears and older","country","region","age","sex","geography - high level","geography - mid-level","age","sex/gender"
"3.a.1","3.a.1 Age-standardized prevalence of current tobacco use among persons aged 15áyears and older","country","region","sex","age","geography - high level","geography - mid-level","sex/gender","age"
"3.a.1","3.a.1 Age-standardized prevalence of current tobacco use among persons aged 15áyears and older","country","region","sex","","geography - high level","geography - mid-level","sex/gender",""
"3.a.1","3.a.1 Age-standardized prevalence of current tobacco use among persons aged 15áyears and older","country","sex","age","","geography - high level","sex/gender","age",""
"3.a.1","3.a.1 Age-standardized prevalence of current tobacco use among persons aged 15áyears and older","country","sex","","","geography - high level","sex/gender","",""
"3.a.1","3.a.1 Age-standardized prevalence of current tobacco use among persons aged 15áyears and older","country","sex","age","region","geography - high level","sex/gender","age","geography - mid-level"
"3.a.1","3.a.1 Age-standardized prevalence of current tobacco use among persons aged 15áyears and older","country","sex","ethnicity","","geography - high level","sex/gender","ethnicity",""
"3.a.1","3.a.1 Age-standardized prevalence of current tobacco use among persons aged 15áyears and older","country","sex","region","age","geography - high level","sex/gender","geography - mid-level","age"
"3.a.1","3.a.1 Age-standardized prevalence of current tobacco use among persons aged 15áyears and older","country","sex","region","","geography - high level","sex/gender","geography - mid-level",""
"3.a.1","3.a.1 Age-standardized prevalence of current tobacco use among persons aged 15áyears and older","country of birth","country","","","migration status etc","geography - high level","",""
"3.a.1","3.a.1 Age-standardized prevalence of current tobacco use among persons aged 15áyears and older","ethnicity","country","","","ethnicity","geography - high level","",""
"3.a.1","3.a.1 Age-standardized prevalence of current tobacco use among persons aged 15áyears and older","ethnicity","country","sex","","ethnicity","geography - high level","sex/gender",""
"3.a.1","3.a.1 Age-standardized prevalence of current tobacco use among persons aged 15áyears and older","ethnicity","sex","","","ethnicity","sex/gender","",""
"3.a.1","3.a.1 Age-standardized prevalence of current tobacco use among persons aged 15áyears and older","ethnicity","sex","country","","ethnicity","sex/gender","geography - high level",""
"3.a.1","3.a.1 Age-standardized prevalence of current tobacco use among persons aged 15áyears and older","region","age","country","","geography - mid-level","age","geography - high level",""
"3.a.1","3.a.1 Age-standardized prevalence of current tobacco use among persons aged 15áyears and older","region","age","country","sex","geography - mid-level","age","geography - high level","sex/gender"
"3.a.1","3.a.1 Age-standardized prevalence of current tobacco use among persons aged 15áyears and older","region","age","","","geography - mid-level","age","",""
"3.a.1","3.a.1 Age-standardized prevalence of current tobacco use among persons aged 15áyears and older","region","age","sex","country","geography - mid-level","age","sex/gender","geography - high level"
"3.a.1","3.a.1 Age-standardized prevalence of current tobacco use among persons aged 15áyears and older","region","age","sex","","geography - mid-level","age","sex/gender",""
"3.a.1","3.a.1 Age-standardized prevalence of current tobacco use among persons aged 15áyears and older","region","country","age","","geography - mid-level","geography - high level","age",""
"3.a.1","3.a.1 Age-standardized prevalence of current tobacco use among persons aged 15áyears and older","region","country","","","geography - mid-level","geography - high level","",""
"3.a.1","3.a.1 Age-standardized prevalence of current tobacco use among persons aged 15áyears and older","region","country","age","sex","geography - mid-level","geography - high level","age","sex/gender"
"3.a.1","3.a.1 Age-standardized prevalence of current tobacco use among persons aged 15áyears and older","region","country","sex","age","geography - mid-level","geography - high level","sex/gender","age"
"3.a.1","3.a.1 Age-standardized prevalence of current tobacco use among persons aged 15áyears and older","region","country","sex","","geography - mid-level","geography - high level","sex/gender",""
"3.a.1","3.a.1 Age-standardized prevalence of current tobacco use among persons aged 15áyears and older","region","sex","age","country","geography - mid-level","sex/gender","age","geography - high level"
"3.a.1","3.a.1 Age-standardized prevalence of current tobacco use among persons aged 15áyears and older","region","sex","age","","geography - mid-level","sex/gender","age",""
"3.a.1","3.a.1 Age-standardized prevalence of current tobacco use among persons aged 15áyears and older","region","sex","","","geography - mid-level","sex/gender","",""
"3.a.1","3.a.1 Age-standardized prevalence of current tobacco use among persons aged 15áyears and older","region","sex","country","age","geography - mid-level","sex/gender","geography - high level","age"
"3.a.1","3.a.1 Age-standardized prevalence of current tobacco use among persons aged 15áyears and older","region","sex","country","","geography - mid-level","sex/gender","geography - high level",""
"3.a.1","3.a.1 Age-standardized prevalence of current tobacco use among persons aged 15áyears and older","sex","age","country","","sex/gender","age","geography - high level",""
"3.a.1","3.a.1 Age-standardized prevalence of current tobacco use among persons aged 15áyears and older","sex","age","","","sex/gender","age","",""
"3.a.1","3.a.1 Age-standardized prevalence of current tobacco use among persons aged 15áyears and older","sex","age","country","region","sex/gender","age","geography - high level","geography - mid-level"
"3.a.1","3.a.1 Age-standardized prevalence of current tobacco use among persons aged 15áyears and older","sex","age","region","country","sex/gender","age","geography - mid-level","geography - high level"
"3.a.1","3.a.1 Age-standardized prevalence of current tobacco use among persons aged 15áyears and older","sex","age","region","","sex/gender","age","geography - mid-level",""
"3.a.1","3.a.1 Age-standardized prevalence of current tobacco use among persons aged 15áyears and older","sex","country","age","","sex/gender","geography - high level","age",""
"3.a.1","3.a.1 Age-standardized prevalence of current tobacco use among persons aged 15áyears and older","sex","country","","","sex/gender","geography - high level","",""
"3.a.1","3.a.1 Age-standardized prevalence of current tobacco use among persons aged 15áyears and older","sex","country","age","region","sex/gender","geography - high level","age","geography - mid-level"
"3.a.1","3.a.1 Age-standardized prevalence of current tobacco use among persons aged 15áyears and older","sex","country","ethnicity","","sex/gender","geography - high level","ethnicity",""
"3.a.1","3.a.1 Age-standardized prevalence of current tobacco use among persons aged 15áyears and older","sex","country","region","age","sex/gender","geography - high level","geography - mid-level","age"
"3.a.1","3.a.1 Age-standardized prevalence of current tobacco use among persons aged 15áyears and older","sex","country","region","","sex/gender","geography - high level","geography - mid-level",""
"3.a.1","3.a.1 Age-standardized prevalence of current tobacco use among persons aged 15áyears and older","sex","ethnicity","","","sex/gender","ethnicity","",""
"3.a.1","3.a.1 Age-standardized prevalence of current tobacco use among persons aged 15áyears and older","sex","ethnicity","country","","sex/gender","ethnicity","geography - high level",""
"3.a.1","3.a.1 Age-standardized prevalence of current tobacco use among persons aged 15áyears and older","sex","region","age","country","sex/gender","geography - mid-level","age","geography - high level"
"3.a.1","3.a.1 Age-standardized prevalence of current tobacco use among persons aged 15áyears and older","sex","region","age","","sex/gender","geography - mid-level","age",""
"3.a.1","3.a.1 Age-standardized prevalence of current tobacco use among persons aged 15áyears and older","sex","region","","","sex/gender","geography - mid-level","",""
"3.a.1","3.a.1 Age-standardized prevalence of current tobacco use among persons aged 15áyears and older","sex","region","country","age","sex/gender","geography - mid-level","geography - high level","age"
"3.a.1","3.a.1 Age-standardized prevalence of current tobacco use among persons aged 15áyears and older","sex","region","country","","sex/gender","geography - mid-level","geography - high level",""
"3.b.1","3.b.1 Proportion of the target population covered by all vaccines included in their national programme","age","country","","","age","geography - high level","",""
"3.b.1","3.b.1 Proportion of the target population covered by all vaccines included in their national programme","age","country","region","","age","geography - high level","geography - mid-level",""
"3.b.1","3.b.1 Proportion of the target population covered by all vaccines included in their national programme","age","region","country","","age","geography - mid-level","geography - high level",""
"3.b.1","3.b.1 Proportion of the target population covered by all vaccines included in their national programme","country","age","","","geography - high level","age","",""
"3.b.1","3.b.1 Proportion of the target population covered by all vaccines included in their national programme","country","age","region","","geography - high level","age","geography - mid-level",""
"3.b.1","3.b.1 Proportion of the target population covered by all vaccines included in their national programme","country","region","age","","geography - high level","geography - mid-level","age",""
"3.b.1","3.b.1 Proportion of the target population covered by all vaccines included in their national programme","region","age","country","","geography - mid-level","age","geography - high level",""
"3.b.1","3.b.1 Proportion of the target population covered by all vaccines included in their national programme","region","country","age","","geography - mid-level","geography - high level","age",""
"4.1.1","4.1.1 Proportion of children and young people (a) in grades 2/3; (b) at the end of primary; and (c) at the end of lower secondary achieving at least a minimum proficiency level in (i) reading and (ii) mathematics, by sex","ethnic group","ethnicity","","","ethnic group","ethnicity","",""
"4.1.1","4.1.1 Proportion of children and young people (a) in grades 2/3; (b) at the end of primary; and (c) at the end of lower secondary achieving at least a minimum proficiency level in (i) reading and (ii) mathematics, by sex","ethnicity","ethnic group","","","ethnicity","ethnic group","",""
"4.1.1","4.1.1 Proportion of children and young people (a) in grades 2/3; (b) at the end of primary; and (c) at the end of lower secondary achieving at least a minimum proficiency level in (i) reading and (ii) mathematics, by sex","free school meals","sex","","","wealth","sex/gender","",""
"4.1.1","4.1.1 Proportion of children and young people (a) in grades 2/3; (b) at the end of primary; and (c) at the end of lower secondary achieving at least a minimum proficiency level in (i) reading and (ii) mathematics, by sex","local authority","region","","","geography - low level","geography - mid-level","",""
"4.1.1","4.1.1 Proportion of children and young people (a) in grades 2/3; (b) at the end of primary; and (c) at the end of lower secondary achieving at least a minimum proficiency level in (i) reading and (ii) mathematics, by sex","region","local authority","","","geography - mid-level","geography - low level","",""
"4.1.1","4.1.1 Proportion of children and young people (a) in grades 2/3; (b) at the end of primary; and (c) at the end of lower secondary achieving at least a minimum proficiency level in (i) reading and (ii) mathematics, by sex","sex","free school meals","","","sex/gender","wealth","",""
"4.1.1","4.1.1 Proportion of children and young people (a) in grades 2/3; (b) at the end of primary; and (c) at the end of lower secondary achieving at least a minimum proficiency level in (i) reading and (ii) mathematics, by sex","sex","special educational needs","","","sex/gender","disability status etc","",""
"4.1.1","4.1.1 Proportion of children and young people (a) in grades 2/3; (b) at the end of primary; and (c) at the end of lower secondary achieving at least a minimum proficiency level in (i) reading and (ii) mathematics, by sex","special educational needs","sex","","","disability status etc","sex/gender","",""
"4.2.1","4.2.1 Proportion of children aged 24-59 months who are developmentally on track in health, learning and psychosocial well-being, by sex","ethnic group","ethnicity","","","ethnic group","ethnicity","",""
"4.2.1","4.2.1 Proportion of children aged 24-59 months who are developmentally on track in health, learning and psychosocial well-being, by sex","ethnic group","ethnicity","gender","","ethnic group","ethnicity","sex/gender",""
"4.2.1","4.2.1 Proportion of children aged 24-59 months who are developmentally on track in health, learning and psychosocial well-being, by sex","ethnic group","gender","ethnicity","","ethnic group","sex/gender","ethnicity",""
"4.2.1","4.2.1 Proportion of children aged 24-59 months who are developmentally on track in health, learning and psychosocial well-being, by sex","ethnic group","gender","","","ethnic group","sex/gender","",""
"4.2.1","4.2.1 Proportion of children aged 24-59 months who are developmentally on track in health, learning and psychosocial well-being, by sex","ethnicity","ethnic group","","","ethnicity","ethnic group","",""
"4.2.1","4.2.1 Proportion of children aged 24-59 months who are developmentally on track in health, learning and psychosocial well-being, by sex","ethnicity","ethnic group","gender","","ethnicity","ethnic group","sex/gender",""
"4.2.1","4.2.1 Proportion of children aged 24-59 months who are developmentally on track in health, learning and psychosocial well-being, by sex","ethnicity","gender","","","ethnicity","sex/gender","",""
"4.2.1","4.2.1 Proportion of children aged 24-59 months who are developmentally on track in health, learning and psychosocial well-being, by sex","ethnicity","gender","ethnic group","","ethnicity","sex/gender","ethnic group",""
"4.2.1","4.2.1 Proportion of children aged 24-59 months who are developmentally on track in health, learning and psychosocial well-being, by sex","free school meals","gender","","","wealth","sex/gender","",""
"4.2.1","4.2.1 Proportion of children aged 24-59 months who are developmentally on track in health, learning and psychosocial well-being, by sex","gender","ethnic group","ethnicity","","sex/gender","ethnic group","ethnicity",""
"4.2.1","4.2.1 Proportion of children aged 24-59 months who are developmentally on track in health, learning and psychosocial well-being, by sex","gender","ethnic group","","","sex/gender","ethnic group","",""
"4.2.1","4.2.1 Proportion of children aged 24-59 months who are developmentally on track in health, learning and psychosocial well-being, by sex","gender","ethnicity","","","sex/gender","ethnicity","",""
"4.2.1","4.2.1 Proportion of children aged 24-59 months who are developmentally on track in health, learning and psychosocial well-being, by sex","gender","ethnicity","ethnic group","","sex/gender","ethnicity","ethnic group",""
"4.2.1","4.2.1 Proportion of children aged 24-59 months who are developmentally on track in health, learning and psychosocial well-being, by sex","gender","free school meals","","","sex/gender","wealth","",""
"4.2.1","4.2.1 Proportion of children aged 24-59 months who are developmentally on track in health, learning and psychosocial well-being, by sex","gender","local authority","","","sex/gender","geography - low level","",""
"4.2.1","4.2.1 Proportion of children aged 24-59 months who are developmentally on track in health, learning and psychosocial well-being, by sex","gender","local authority","region","","sex/gender","geography - low level","geography - mid-level",""
"4.2.1","4.2.1 Proportion of children aged 24-59 months who are developmentally on track in health, learning and psychosocial well-being, by sex","gender","region","","","sex/gender","geography - mid-level","",""
"4.2.1","4.2.1 Proportion of children aged 24-59 months who are developmentally on track in health, learning and psychosocial well-being, by sex","gender","region","local authority","","sex/gender","geography - mid-level","geography - low level",""
"4.2.1","4.2.1 Proportion of children aged 24-59 months who are developmentally on track in health, learning and psychosocial well-being, by sex","local authority","gender","","","geography - low level","sex/gender","",""
"4.2.1","4.2.1 Proportion of children aged 24-59 months who are developmentally on track in health, learning and psychosocial well-being, by sex","local authority","gender","region","","geography - low level","sex/gender","geography - mid-level",""
"4.2.1","4.2.1 Proportion of children aged 24-59 months who are developmentally on track in health, learning and psychosocial well-being, by sex","local authority","region","","","geography - low level","geography - mid-level","",""
"4.2.1","4.2.1 Proportion of children aged 24-59 months who are developmentally on track in health, learning and psychosocial well-being, by sex","local authority","region","gender","","geography - low level","geography - mid-level","sex/gender",""
"4.2.1","4.2.1 Proportion of children aged 24-59 months who are developmentally on track in health, learning and psychosocial well-being, by sex","region","gender","","","geography - mid-level","sex/gender","",""
"4.2.1","4.2.1 Proportion of children aged 24-59 months who are developmentally on track in health, learning and psychosocial well-being, by sex","region","gender","local authority","","geography - mid-level","sex/gender","geography - low level",""
"4.2.1","4.2.1 Proportion of children aged 24-59 months who are developmentally on track in health, learning and psychosocial well-being, by sex","region","local authority","","","geography - mid-level","geography - low level","",""
"4.2.1","4.2.1 Proportion of children aged 24-59 months who are developmentally on track in health, learning and psychosocial well-being, by sex","region","local authority","gender","","geography - mid-level","geography - low level","sex/gender",""
"4.2.1","4.2.1 Proportion of children aged 24-59 months who are developmentally on track in health, learning and psychosocial well-being, by sex","region","special educational needs","","","geography - mid-level","disability status etc","",""
"4.2.1","4.2.1 Proportion of children aged 24-59 months who are developmentally on track in health, learning and psychosocial well-being, by sex","special educational needs","region","","","disability status etc","geography - mid-level","",""
"4.2.2","4.2.2 Participation rate in organized learning (one year before the official primary entry age), by sex","age","region","","","age","geography - mid-level","",""
"4.2.2","4.2.2 Participation rate in organized learning (one year before the official primary entry age), by sex","region","age","","","geography - mid-level","age","",""
"4.c.1","4.c.1 Proportion of teachers with the minimum required qualifications, by education level","local authority","region","","","geography - low level","geography - mid-level","",""
"4.c.1","4.c.1 Proportion of teachers with the minimum required qualifications, by education level","region","local authority","","","geography - mid-level","geography - low level","",""
"5.2.1","5.2.1 Proportion of ever-partnered women and girls aged 15áyears and older subjected to physical, sexual or psychological violence by a current or former intimate partner in the previous 12 months, by form of violence and by age","ethnic group","ethnicity","","","ethnic group","ethnicity","",""
"5.2.1","5.2.1 Proportion of ever-partnered women and girls aged 15áyears and older subjected to physical, sexual or psychological violence by a current or former intimate partner in the previous 12 months, by form of violence and by age","ethnicity","ethnic group","","","ethnicity","ethnic group","",""
"5.2.2","5.2.2 Proportion of women and girls aged 15áyears and older subjected to sexual violence by persons other than anáintimate partner in the previous 12ámonths, by age and place of occurrence","ethnic group","ethnicity","","","ethnic group","ethnicity","",""
"5.2.2","5.2.2 Proportion of women and girls aged 15áyears and older subjected to sexual violence by persons other than anáintimate partner in the previous 12ámonths, by age and place of occurrence","ethnicity","ethnic group","","","ethnicity","ethnic group","",""
"8.10.1","8.10.1 (a) Number of commercial bank branches per 100,000 adults and (b) number of automated teller machines (ATMs) per 100,000 adults","country","local authority","","","geography - high level","geography - low level","",""
"8.10.1","8.10.1 (a) Number of commercial bank branches per 100,000 adults and (b) number of automated teller machines (ATMs) per 100,000 adults","country","local authority","region","","geography - high level","geography - low level","geography - mid-level",""
"8.10.1","8.10.1 (a) Number of commercial bank branches per 100,000 adults and (b) number of automated teller machines (ATMs) per 100,000 adults","country","region","local authority","","geography - high level","geography - mid-level","geography - low level",""
"8.10.1","8.10.1 (a) Number of commercial bank branches per 100,000 adults and (b) number of automated teller machines (ATMs) per 100,000 adults","country","region","","","geography - high level","geography - mid-level","",""
"8.10.1","8.10.1 (a) Number of commercial bank branches per 100,000 adults and (b) number of automated teller machines (ATMs) per 100,000 adults","country","urban or rural","","","geography - high level","geography - high level","",""
"8.10.1","8.10.1 (a) Number of commercial bank branches per 100,000 adults and (b) number of automated teller machines (ATMs) per 100,000 adults","local authority","country","","","geography - low level","geography - high level","",""
"8.10.1","8.10.1 (a) Number of commercial bank branches per 100,000 adults and (b) number of automated teller machines (ATMs) per 100,000 adults","local authority","country","region","","geography - low level","geography - high level","geography - mid-level",""
"8.10.1","8.10.1 (a) Number of commercial bank branches per 100,000 adults and (b) number of automated teller machines (ATMs) per 100,000 adults","local authority","region","country","","geography - low level","geography - mid-level","geography - high level",""
"8.10.1","8.10.1 (a) Number of commercial bank branches per 100,000 adults and (b) number of automated teller machines (ATMs) per 100,000 adults","local authority","region","","","geography - low level","geography - mid-level","",""
"8.10.1","8.10.1 (a) Number of commercial bank branches per 100,000 adults and (b) number of automated teller machines (ATMs) per 100,000 adults","region","country","local authority","","geography - mid-level","geography - high level","geography - low level",""
"8.10.1","8.10.1 (a) Number of commercial bank branches per 100,000 adults and (b) number of automated teller machines (ATMs) per 100,000 adults","region","country","","","geography - mid-level","geography - high level","",""
"8.10.1","8.10.1 (a) Number of commercial bank branches per 100,000 adults and (b) number of automated teller machines (ATMs) per 100,000 adults","region","local authority","country","","geography - mid-level","geography - low level","geography - high level",""
"8.10.1","8.10.1 (a) Number of commercial bank branches per 100,000 adults and (b) number of automated teller machines (ATMs) per 100,000 adults","region","local authority","","","geography - mid-level","geography - low level","",""
"8.10.1","8.10.1 (a) Number of commercial bank branches per 100,000 adults and (b) number of automated teller machines (ATMs) per 100,000 adults","urban or rural","country","","","geography - high level","geography - high level","",""
"8.10.2","8.10.2 Proportion of adults (15áyears and older) with an account at a bank or other financial institution or with a mobile-money-service provider","age","sex","","","age","sex/gender","",""
"8.10.2","8.10.2 Proportion of adults (15áyears and older) with an account at a bank or other financial institution or with a mobile-money-service provider","sex","age","","","sex/gender","age","",""
"8.3.1","8.3.1 Proportion of informal employment in total employment, by sector and sex","region","sex","","","geography - mid-level","sex/gender","",""
"8.3.1","8.3.1 Proportion of informal employment in total employment, by sector and sex","sex","region","","","sex/gender","geography - mid-level","",""
"8.5.1","8.5.1 Average hourly earnings of employees, by sex, age, occupation and persons with disabilities","age","sex","","","age","sex/gender","",""
"8.5.1","8.5.1 Average hourly earnings of employees, by sex, age, occupation and persons with disabilities","country","region","","","geography - high level","geography - mid-level","",""
"8.5.1","8.5.1 Average hourly earnings of employees, by sex, age, occupation and persons with disabilities","country","region","sex","","geography - high level","geography - mid-level","sex/gender",""
"8.5.1","8.5.1 Average hourly earnings of employees, by sex, age, occupation and persons with disabilities","country","sex","","","geography - high level","sex/gender","",""
"8.5.1","8.5.1 Average hourly earnings of employees, by sex, age, occupation and persons with disabilities","country","sex","region","","geography - high level","sex/gender","geography - mid-level",""
"8.5.1","8.5.1 Average hourly earnings of employees, by sex, age, occupation and persons with disabilities","region","country","","","geography - mid-level","geography - high level","",""
"8.5.1","8.5.1 Average hourly earnings of employees, by sex, age, occupation and persons with disabilities","region","country","sex","","geography - mid-level","geography - high level","sex/gender",""
"8.5.1","8.5.1 Average hourly earnings of employees, by sex, age, occupation and persons with disabilities","region","sex","","","geography - mid-level","sex/gender","",""
"8.5.1","8.5.1 Average hourly earnings of employees, by sex, age, occupation and persons with disabilities","region","sex","country","","geography - mid-level","sex/gender","geography - high level",""
"8.5.1","8.5.1 Average hourly earnings of employees, by sex, age, occupation and persons with disabilities","sex","age","","","sex/gender","age","",""
"8.5.1","8.5.1 Average hourly earnings of employees, by sex, age, occupation and persons with disabilities","sex","country","","","sex/gender","geography - high level","",""
"8.5.1","8.5.1 Average hourly earnings of employees, by sex, age, occupation and persons with disabilities","sex","country","region","","sex/gender","geography - high level","geography - mid-level",""
"8.5.1","8.5.1 Average hourly earnings of employees, by sex, age, occupation and persons with disabilities","sex","region","","","sex/gender","geography - mid-level","",""
"8.5.1","8.5.1 Average hourly earnings of employees, by sex, age, occupation and persons with disabilities","sex","region","country","","sex/gender","geography - mid-level","geography - high level",""
"8.5.2","8.5.2 Unemployment rate, by sex, age and persons with disabilities","age","sex","","","age","sex/gender","",""
"8.5.2","8.5.2 Unemployment rate, by sex, age and persons with disabilities","country","region","","","geography - high level","geography - mid-level","",""
"8.5.2","8.5.2 Unemployment rate, by sex, age and persons with disabilities","country","region","sex","","geography - high level","geography - mid-level","sex/gender",""
"8.5.2","8.5.2 Unemployment rate, by sex, age and persons with disabilities","country","sex","","","geography - high level","sex/gender","",""
"8.5.2","8.5.2 Unemployment rate, by sex, age and persons with disabilities","country","sex","region","","geography - high level","sex/gender","geography - mid-level",""
"8.5.2","8.5.2 Unemployment rate, by sex, age and persons with disabilities","disability status","sex","","","disability status etc","sex/gender","",""
"8.5.2","8.5.2 Unemployment rate, by sex, age and persons with disabilities","region","country","","","geography - mid-level","geography - high level","",""
"8.5.2","8.5.2 Unemployment rate, by sex, age and persons with disabilities","region","country","sex","","geography - mid-level","geography - high level","sex/gender",""
"8.5.2","8.5.2 Unemployment rate, by sex, age and persons with disabilities","region","sex","","","geography - mid-level","sex/gender","",""
"8.5.2","8.5.2 Unemployment rate, by sex, age and persons with disabilities","region","sex","country","","geography - mid-level","sex/gender","geography - high level",""
"8.5.2","8.5.2 Unemployment rate, by sex, age and persons with disabilities","sex","age","","","sex/gender","age","",""
"8.5.2","8.5.2 Unemployment rate, by sex, age and persons with disabilities","sex","country","","","sex/gender","geography - high level","",""
"8.5.2","8.5.2 Unemployment rate, by sex, age and persons with disabilities","sex","country","region","","sex/gender","geography - high level","geography - mid-level",""
"8.5.2","8.5.2 Unemployment rate, by sex, age and persons with disabilities","sex","disability status","","","sex/gender","disability status etc","",""
"8.5.2","8.5.2 Unemployment rate, by sex, age and persons with disabilities","sex","region","","","sex/gender","geography - mid-level","",""
"8.5.2","8.5.2 Unemployment rate, by sex, age and persons with disabilities","sex","region","country","","sex/gender","geography - mid-level","geography - high level",""
"8.6.1","8.6.1 Proportion of youth (aged 15û24áyears) not in education, employment or training","age","sex","","","age","sex/gender","",""
"8.6.1","8.6.1 Proportion of youth (aged 15û24áyears) not in education, employment or training","sex","age","","","sex/gender","age","",""
"8.8.1","8.8.1 Fatal and non-fatal occupational injuries per 100,000 workers, by sex and migrant status","age","sex","","","age","sex/gender","",""
"8.8.1","8.8.1 Fatal and non-fatal occupational injuries per 100,000 workers, by sex and migrant status","country","region","","","geography - high level","geography - mid-level","",""
"8.8.1","8.8.1 Fatal and non-fatal occupational injuries per 100,000 workers, by sex and migrant status","region","country","","","geography - mid-level","geography - high level","",""
"8.8.1","8.8.1 Fatal and non-fatal occupational injuries per 100,000 workers, by sex and migrant status","sex","age","","","sex/gender","age","",""
"9.1.1","9.1.1 Proportion of the rural population who live within 2ákm of an all-season road","country","local authority","","","geography - high level","geography - low level","",""
"9.1.1","9.1.1 Proportion of the rural population who live within 2ákm of an all-season road","local authority","country","","","geography - low level","geography - high level","",""
"9.5.1","9.5.1 Research and development expenditure as a proportion of GDP","country","region","","","geography - high level","geography - mid-level","",""
"9.5.1","9.5.1 Research and development expenditure as a proportion of GDP","region","country","","","geography - mid-level","geography - high level","",""
